{
  "i18n/i18n.properties": 1607439769000,
  "manifest.json": 1607512875164,
  "model/models.js": 1607354228000,
  "model/formatter.js": 1607439769000,
  "controller/Worklist.controller.js": 1607439769000,
  "controller/Object.controller.js": 1607439769000,
  "controller/NotFound.controller.js": 1607354228000,
  "controller/ErrorHandler.js": 1607354228000,
  "controller/Create.controller.js": 1607439769000,
  "controller/BaseController.js": 1607354228000,
  "controller/App.controller.js": 1607361765000,
  "Component.js": 1607354228000,
  "manifest-bundle.zip": 1607512874835,
  "Component-preload.js": 1607512875095,
  "Component-dbg.js": 1607354228000,
  "model/formatter-dbg.js": 1607439769000,
  "controller/Worklist-dbg.controller.js": 1607439769000,
  "controller/Object-dbg.controller.js": 1607439769000,
  "controller/NotFound-dbg.controller.js": 1607354228000,
  "controller/ErrorHandler-dbg.js": 1607354228000,
  "controller/Create-dbg.controller.js": 1607439769000,
  "controller/BaseController-dbg.js": 1607354228000,
  "controller/App-dbg.controller.js": 1607361765000,
  "model/models-dbg.js": 1607354228000,
  "resources.json": 1607512875168,
  "view/Worklist.view.xml": 1607464408000,
  "view/ObjectNotFound.view.xml": 1607354228000,
  "view/Object.view.xml": 1607512526610,
  "view/NotFound.view.xml": 1607354228000,
  "view/Create.view.xml": 1607439769000,
  "view/App.view.xml": 1607361114000,
  "test.html": 1607354228000,
  "index.html": 1607354228000
}